[
    {
        "name": "Jomana mohammed",
        "phone": "0555789804",
        "email": "goomana-1@hotmail.com",
        "date": "2025-01-30",
        "time": "23:48",
        "service": "Nail Clipping - 30 SR",
        "confirmation": "email"
    },
    {
        "name": "Jomana mohammed",
        "phone": "0555789804",
        "email": "goomana-1@hotmail.com",
        "date": "2025-02-13",
        "time": "02:19",
        "service": "Health Exams - 100 SR",
        "confirmation": "email"
    }
]